Date,Year,MonthNumber,Month,Quarter,YearMonth,MonthYear,Day,DayOfWeek,DayOfWeekNumber
2025-01-01,2025,1,January,Q1,2025-01,Jan 2025,1,Wednesday,3
2025-01-02,2025,1,January,Q1,2025-01,Jan 2025,2,Thursday,4
2025-01-03,2025,1,January,Q1,2025-01,Jan 2025,3,Friday,5
2025-01-04,2025,1,January,Q1,2025-01,Jan 2025,4,Saturday,6
2025-01-05,2025,1,January,Q1,2025-01,Jan 2025,5,Sunday,7
2025-01-06,2025,1,January,Q1,2025-01,Jan 2025,6,Monday,1
2025-01-07,2025,1,January,Q1,2025-01,Jan 2025,7,Tuesday,2
2025-01-08,2025,1,January,Q1,2025-01,Jan 2025,8,Wednesday,3
2025-01-09,2025,1,January,Q1,2025-01,Jan 2025,9,Thursday,4
2025-01-10,2025,1,January,Q1,2025-01,Jan 2025,10,Friday,5
2025-01-11,2025,1,January,Q1,2025-01,Jan 2025,11,Saturday,6
2025-01-12,2025,1,January,Q1,2025-01,Jan 2025,12,Sunday,7
2025-01-13,2025,1,January,Q1,2025-01,Jan 2025,13,Monday,1
2025-01-14,2025,1,January,Q1,2025-01,Jan 2025,14,Tuesday,2
2025-01-15,2025,1,January,Q1,2025-01,Jan 2025,15,Wednesday,3
2025-01-16,2025,1,January,Q1,2025-01,Jan 2025,16,Thursday,4
2025-01-17,2025,1,January,Q1,2025-01,Jan 2025,17,Friday,5
2025-01-18,2025,1,January,Q1,2025-01,Jan 2025,18,Saturday,6
2025-01-19,2025,1,January,Q1,2025-01,Jan 2025,19,Sunday,7
2025-01-20,2025,1,January,Q1,2025-01,Jan 2025,20,Monday,1
2025-01-21,2025,1,January,Q1,2025-01,Jan 2025,21,Tuesday,2
2025-01-22,2025,1,January,Q1,2025-01,Jan 2025,22,Wednesday,3
2025-01-23,2025,1,January,Q1,2025-01,Jan 2025,23,Thursday,4
2025-01-24,2025,1,January,Q1,2025-01,Jan 2025,24,Friday,5
2025-01-25,2025,1,January,Q1,2025-01,Jan 2025,25,Saturday,6
2025-01-26,2025,1,January,Q1,2025-01,Jan 2025,26,Sunday,7
2025-01-27,2025,1,January,Q1,2025-01,Jan 2025,27,Monday,1
2025-01-28,2025,1,January,Q1,2025-01,Jan 2025,28,Tuesday,2
2025-01-29,2025,1,January,Q1,2025-01,Jan 2025,29,Wednesday,3
2025-01-30,2025,1,January,Q1,2025-01,Jan 2025,30,Thursday,4
2025-01-31,2025,1,January,Q1,2025-01,Jan 2025,31,Friday,5
2025-02-01,2025,2,February,Q1,2025-02,Feb 2025,1,Saturday,6
2025-02-02,2025,2,February,Q1,2025-02,Feb 2025,2,Sunday,7
2025-02-03,2025,2,February,Q1,2025-02,Feb 2025,3,Monday,1
2025-02-04,2025,2,February,Q1,2025-02,Feb 2025,4,Tuesday,2
2025-02-05,2025,2,February,Q1,2025-02,Feb 2025,5,Wednesday,3
2025-02-06,2025,2,February,Q1,2025-02,Feb 2025,6,Thursday,4
2025-02-07,2025,2,February,Q1,2025-02,Feb 2025,7,Friday,5
2025-02-08,2025,2,February,Q1,2025-02,Feb 2025,8,Saturday,6
2025-02-09,2025,2,February,Q1,2025-02,Feb 2025,9,Sunday,7
2025-02-10,2025,2,February,Q1,2025-02,Feb 2025,10,Monday,1
2025-02-11,2025,2,February,Q1,2025-02,Feb 2025,11,Tuesday,2
2025-02-12,2025,2,February,Q1,2025-02,Feb 2025,12,Wednesday,3
2025-02-13,2025,2,February,Q1,2025-02,Feb 2025,13,Thursday,4
2025-02-14,2025,2,February,Q1,2025-02,Feb 2025,14,Friday,5
2025-02-15,2025,2,February,Q1,2025-02,Feb 2025,15,Saturday,6
2025-02-16,2025,2,February,Q1,2025-02,Feb 2025,16,Sunday,7
2025-02-17,2025,2,February,Q1,2025-02,Feb 2025,17,Monday,1
2025-02-18,2025,2,February,Q1,2025-02,Feb 2025,18,Tuesday,2
2025-02-19,2025,2,February,Q1,2025-02,Feb 2025,19,Wednesday,3
2025-02-20,2025,2,February,Q1,2025-02,Feb 2025,20,Thursday,4
2025-02-21,2025,2,February,Q1,2025-02,Feb 2025,21,Friday,5
2025-02-22,2025,2,February,Q1,2025-02,Feb 2025,22,Saturday,6
2025-02-23,2025,2,February,Q1,2025-02,Feb 2025,23,Sunday,7
2025-02-24,2025,2,February,Q1,2025-02,Feb 2025,24,Monday,1
2025-02-25,2025,2,February,Q1,2025-02,Feb 2025,25,Tuesday,2
2025-02-26,2025,2,February,Q1,2025-02,Feb 2025,26,Wednesday,3
2025-02-27,2025,2,February,Q1,2025-02,Feb 2025,27,Thursday,4
2025-02-28,2025,2,February,Q1,2025-02,Feb 2025,28,Friday,5
2025-03-01,2025,3,March,Q1,2025-03,Mar 2025,1,Saturday,6
2025-03-02,2025,3,March,Q1,2025-03,Mar 2025,2,Sunday,7
2025-03-03,2025,3,March,Q1,2025-03,Mar 2025,3,Monday,1
2025-03-04,2025,3,March,Q1,2025-03,Mar 2025,4,Tuesday,2
2025-03-05,2025,3,March,Q1,2025-03,Mar 2025,5,Wednesday,3
2025-03-06,2025,3,March,Q1,2025-03,Mar 2025,6,Thursday,4
2025-03-07,2025,3,March,Q1,2025-03,Mar 2025,7,Friday,5
2025-03-08,2025,3,March,Q1,2025-03,Mar 2025,8,Saturday,6
2025-03-09,2025,3,March,Q1,2025-03,Mar 2025,9,Sunday,7
2025-03-10,2025,3,March,Q1,2025-03,Mar 2025,10,Monday,1
2025-03-11,2025,3,March,Q1,2025-03,Mar 2025,11,Tuesday,2
2025-03-12,2025,3,March,Q1,2025-03,Mar 2025,12,Wednesday,3
2025-03-13,2025,3,March,Q1,2025-03,Mar 2025,13,Thursday,4
2025-03-14,2025,3,March,Q1,2025-03,Mar 2025,14,Friday,5
2025-03-15,2025,3,March,Q1,2025-03,Mar 2025,15,Saturday,6
2025-03-16,2025,3,March,Q1,2025-03,Mar 2025,16,Sunday,7
2025-03-17,2025,3,March,Q1,2025-03,Mar 2025,17,Monday,1
2025-03-18,2025,3,March,Q1,2025-03,Mar 2025,18,Tuesday,2
2025-03-19,2025,3,March,Q1,2025-03,Mar 2025,19,Wednesday,3
2025-03-20,2025,3,March,Q1,2025-03,Mar 2025,20,Thursday,4
2025-03-21,2025,3,March,Q1,2025-03,Mar 2025,21,Friday,5
2025-03-22,2025,3,March,Q1,2025-03,Mar 2025,22,Saturday,6
2025-03-23,2025,3,March,Q1,2025-03,Mar 2025,23,Sunday,7
2025-03-24,2025,3,March,Q1,2025-03,Mar 2025,24,Monday,1
2025-03-25,2025,3,March,Q1,2025-03,Mar 2025,25,Tuesday,2
2025-03-26,2025,3,March,Q1,2025-03,Mar 2025,26,Wednesday,3
2025-03-27,2025,3,March,Q1,2025-03,Mar 2025,27,Thursday,4
2025-03-28,2025,3,March,Q1,2025-03,Mar 2025,28,Friday,5
2025-03-29,2025,3,March,Q1,2025-03,Mar 2025,29,Saturday,6
2025-03-30,2025,3,March,Q1,2025-03,Mar 2025,30,Sunday,7
2025-03-31,2025,3,March,Q1,2025-03,Mar 2025,31,Monday,1
2025-04-01,2025,4,April,Q2,2025-04,Apr 2025,1,Tuesday,2
2025-04-02,2025,4,April,Q2,2025-04,Apr 2025,2,Wednesday,3
2025-04-03,2025,4,April,Q2,2025-04,Apr 2025,3,Thursday,4
2025-04-04,2025,4,April,Q2,2025-04,Apr 2025,4,Friday,5
2025-04-05,2025,4,April,Q2,2025-04,Apr 2025,5,Saturday,6
2025-04-06,2025,4,April,Q2,2025-04,Apr 2025,6,Sunday,7
2025-04-07,2025,4,April,Q2,2025-04,Apr 2025,7,Monday,1
2025-04-08,2025,4,April,Q2,2025-04,Apr 2025,8,Tuesday,2
2025-04-09,2025,4,April,Q2,2025-04,Apr 2025,9,Wednesday,3
2025-04-10,2025,4,April,Q2,2025-04,Apr 2025,10,Thursday,4
2025-04-11,2025,4,April,Q2,2025-04,Apr 2025,11,Friday,5
2025-04-12,2025,4,April,Q2,2025-04,Apr 2025,12,Saturday,6
2025-04-13,2025,4,April,Q2,2025-04,Apr 2025,13,Sunday,7
2025-04-14,2025,4,April,Q2,2025-04,Apr 2025,14,Monday,1
2025-04-15,2025,4,April,Q2,2025-04,Apr 2025,15,Tuesday,2
2025-04-16,2025,4,April,Q2,2025-04,Apr 2025,16,Wednesday,3
2025-04-17,2025,4,April,Q2,2025-04,Apr 2025,17,Thursday,4
2025-04-18,2025,4,April,Q2,2025-04,Apr 2025,18,Friday,5
2025-04-19,2025,4,April,Q2,2025-04,Apr 2025,19,Saturday,6
2025-04-20,2025,4,April,Q2,2025-04,Apr 2025,20,Sunday,7
2025-04-21,2025,4,April,Q2,2025-04,Apr 2025,21,Monday,1
2025-04-22,2025,4,April,Q2,2025-04,Apr 2025,22,Tuesday,2
2025-04-23,2025,4,April,Q2,2025-04,Apr 2025,23,Wednesday,3
2025-04-24,2025,4,April,Q2,2025-04,Apr 2025,24,Thursday,4
2025-04-25,2025,4,April,Q2,2025-04,Apr 2025,25,Friday,5
2025-04-26,2025,4,April,Q2,2025-04,Apr 2025,26,Saturday,6
2025-04-27,2025,4,April,Q2,2025-04,Apr 2025,27,Sunday,7
2025-04-28,2025,4,April,Q2,2025-04,Apr 2025,28,Monday,1
2025-04-29,2025,4,April,Q2,2025-04,Apr 2025,29,Tuesday,2
2025-04-30,2025,4,April,Q2,2025-04,Apr 2025,30,Wednesday,3
2025-05-01,2025,5,May,Q2,2025-05,May 2025,1,Thursday,4
2025-05-02,2025,5,May,Q2,2025-05,May 2025,2,Friday,5
2025-05-03,2025,5,May,Q2,2025-05,May 2025,3,Saturday,6
2025-05-04,2025,5,May,Q2,2025-05,May 2025,4,Sunday,7
2025-05-05,2025,5,May,Q2,2025-05,May 2025,5,Monday,1
2025-05-06,2025,5,May,Q2,2025-05,May 2025,6,Tuesday,2
2025-05-07,2025,5,May,Q2,2025-05,May 2025,7,Wednesday,3
2025-05-08,2025,5,May,Q2,2025-05,May 2025,8,Thursday,4
2025-05-09,2025,5,May,Q2,2025-05,May 2025,9,Friday,5
2025-05-10,2025,5,May,Q2,2025-05,May 2025,10,Saturday,6
2025-05-11,2025,5,May,Q2,2025-05,May 2025,11,Sunday,7
2025-05-12,2025,5,May,Q2,2025-05,May 2025,12,Monday,1
2025-05-13,2025,5,May,Q2,2025-05,May 2025,13,Tuesday,2
2025-05-14,2025,5,May,Q2,2025-05,May 2025,14,Wednesday,3
2025-05-15,2025,5,May,Q2,2025-05,May 2025,15,Thursday,4
2025-05-16,2025,5,May,Q2,2025-05,May 2025,16,Friday,5
2025-05-17,2025,5,May,Q2,2025-05,May 2025,17,Saturday,6
2025-05-18,2025,5,May,Q2,2025-05,May 2025,18,Sunday,7
2025-05-19,2025,5,May,Q2,2025-05,May 2025,19,Monday,1
2025-05-20,2025,5,May,Q2,2025-05,May 2025,20,Tuesday,2
2025-05-21,2025,5,May,Q2,2025-05,May 2025,21,Wednesday,3
2025-05-22,2025,5,May,Q2,2025-05,May 2025,22,Thursday,4
2025-05-23,2025,5,May,Q2,2025-05,May 2025,23,Friday,5
2025-05-24,2025,5,May,Q2,2025-05,May 2025,24,Saturday,6
2025-05-25,2025,5,May,Q2,2025-05,May 2025,25,Sunday,7
2025-05-26,2025,5,May,Q2,2025-05,May 2025,26,Monday,1
2025-05-27,2025,5,May,Q2,2025-05,May 2025,27,Tuesday,2
2025-05-28,2025,5,May,Q2,2025-05,May 2025,28,Wednesday,3
2025-05-29,2025,5,May,Q2,2025-05,May 2025,29,Thursday,4
2025-05-30,2025,5,May,Q2,2025-05,May 2025,30,Friday,5
2025-05-31,2025,5,May,Q2,2025-05,May 2025,31,Saturday,6
2025-06-01,2025,6,June,Q2,2025-06,Jun 2025,1,Sunday,7
2025-06-02,2025,6,June,Q2,2025-06,Jun 2025,2,Monday,1
2025-06-03,2025,6,June,Q2,2025-06,Jun 2025,3,Tuesday,2
2025-06-04,2025,6,June,Q2,2025-06,Jun 2025,4,Wednesday,3
2025-06-05,2025,6,June,Q2,2025-06,Jun 2025,5,Thursday,4
2025-06-06,2025,6,June,Q2,2025-06,Jun 2025,6,Friday,5
2025-06-07,2025,6,June,Q2,2025-06,Jun 2025,7,Saturday,6
2025-06-08,2025,6,June,Q2,2025-06,Jun 2025,8,Sunday,7
2025-06-09,2025,6,June,Q2,2025-06,Jun 2025,9,Monday,1
2025-06-10,2025,6,June,Q2,2025-06,Jun 2025,10,Tuesday,2
2025-06-11,2025,6,June,Q2,2025-06,Jun 2025,11,Wednesday,3
2025-06-12,2025,6,June,Q2,2025-06,Jun 2025,12,Thursday,4
2025-06-13,2025,6,June,Q2,2025-06,Jun 2025,13,Friday,5
2025-06-14,2025,6,June,Q2,2025-06,Jun 2025,14,Saturday,6
2025-06-15,2025,6,June,Q2,2025-06,Jun 2025,15,Sunday,7
2025-06-16,2025,6,June,Q2,2025-06,Jun 2025,16,Monday,1
2025-06-17,2025,6,June,Q2,2025-06,Jun 2025,17,Tuesday,2
2025-06-18,2025,6,June,Q2,2025-06,Jun 2025,18,Wednesday,3
2025-06-19,2025,6,June,Q2,2025-06,Jun 2025,19,Thursday,4
2025-06-20,2025,6,June,Q2,2025-06,Jun 2025,20,Friday,5
2025-06-21,2025,6,June,Q2,2025-06,Jun 2025,21,Saturday,6
2025-06-22,2025,6,June,Q2,2025-06,Jun 2025,22,Sunday,7
2025-06-23,2025,6,June,Q2,2025-06,Jun 2025,23,Monday,1
2025-06-24,2025,6,June,Q2,2025-06,Jun 2025,24,Tuesday,2
2025-06-25,2025,6,June,Q2,2025-06,Jun 2025,25,Wednesday,3
2025-06-26,2025,6,June,Q2,2025-06,Jun 2025,26,Thursday,4
2025-06-27,2025,6,June,Q2,2025-06,Jun 2025,27,Friday,5
2025-06-28,2025,6,June,Q2,2025-06,Jun 2025,28,Saturday,6
2025-06-29,2025,6,June,Q2,2025-06,Jun 2025,29,Sunday,7
2025-06-30,2025,6,June,Q2,2025-06,Jun 2025,30,Monday,1
2025-07-01,2025,7,July,Q3,2025-07,Jul 2025,1,Tuesday,2
2025-07-02,2025,7,July,Q3,2025-07,Jul 2025,2,Wednesday,3
2025-07-03,2025,7,July,Q3,2025-07,Jul 2025,3,Thursday,4
2025-07-04,2025,7,July,Q3,2025-07,Jul 2025,4,Friday,5
2025-07-05,2025,7,July,Q3,2025-07,Jul 2025,5,Saturday,6
2025-07-06,2025,7,July,Q3,2025-07,Jul 2025,6,Sunday,7
2025-07-07,2025,7,July,Q3,2025-07,Jul 2025,7,Monday,1
2025-07-08,2025,7,July,Q3,2025-07,Jul 2025,8,Tuesday,2
2025-07-09,2025,7,July,Q3,2025-07,Jul 2025,9,Wednesday,3
2025-07-10,2025,7,July,Q3,2025-07,Jul 2025,10,Thursday,4
2025-07-11,2025,7,July,Q3,2025-07,Jul 2025,11,Friday,5
2025-07-12,2025,7,July,Q3,2025-07,Jul 2025,12,Saturday,6
2025-07-13,2025,7,July,Q3,2025-07,Jul 2025,13,Sunday,7
2025-07-14,2025,7,July,Q3,2025-07,Jul 2025,14,Monday,1
2025-07-15,2025,7,July,Q3,2025-07,Jul 2025,15,Tuesday,2
2025-07-16,2025,7,July,Q3,2025-07,Jul 2025,16,Wednesday,3
2025-07-17,2025,7,July,Q3,2025-07,Jul 2025,17,Thursday,4
2025-07-18,2025,7,July,Q3,2025-07,Jul 2025,18,Friday,5
2025-07-19,2025,7,July,Q3,2025-07,Jul 2025,19,Saturday,6
2025-07-20,2025,7,July,Q3,2025-07,Jul 2025,20,Sunday,7
2025-07-21,2025,7,July,Q3,2025-07,Jul 2025,21,Monday,1
2025-07-22,2025,7,July,Q3,2025-07,Jul 2025,22,Tuesday,2
2025-07-23,2025,7,July,Q3,2025-07,Jul 2025,23,Wednesday,3
2025-07-24,2025,7,July,Q3,2025-07,Jul 2025,24,Thursday,4
2025-07-25,2025,7,July,Q3,2025-07,Jul 2025,25,Friday,5
2025-07-26,2025,7,July,Q3,2025-07,Jul 2025,26,Saturday,6
2025-07-27,2025,7,July,Q3,2025-07,Jul 2025,27,Sunday,7
2025-07-28,2025,7,July,Q3,2025-07,Jul 2025,28,Monday,1
2025-07-29,2025,7,July,Q3,2025-07,Jul 2025,29,Tuesday,2
2025-07-30,2025,7,July,Q3,2025-07,Jul 2025,30,Wednesday,3
2025-07-31,2025,7,July,Q3,2025-07,Jul 2025,31,Thursday,4
2025-08-01,2025,8,August,Q3,2025-08,Aug 2025,1,Friday,5
2025-08-02,2025,8,August,Q3,2025-08,Aug 2025,2,Saturday,6
2025-08-03,2025,8,August,Q3,2025-08,Aug 2025,3,Sunday,7
2025-08-04,2025,8,August,Q3,2025-08,Aug 2025,4,Monday,1
2025-08-05,2025,8,August,Q3,2025-08,Aug 2025,5,Tuesday,2
2025-08-06,2025,8,August,Q3,2025-08,Aug 2025,6,Wednesday,3
2025-08-07,2025,8,August,Q3,2025-08,Aug 2025,7,Thursday,4
2025-08-08,2025,8,August,Q3,2025-08,Aug 2025,8,Friday,5
2025-08-09,2025,8,August,Q3,2025-08,Aug 2025,9,Saturday,6
2025-08-10,2025,8,August,Q3,2025-08,Aug 2025,10,Sunday,7
2025-08-11,2025,8,August,Q3,2025-08,Aug 2025,11,Monday,1
2025-08-12,2025,8,August,Q3,2025-08,Aug 2025,12,Tuesday,2
2025-08-13,2025,8,August,Q3,2025-08,Aug 2025,13,Wednesday,3
2025-08-14,2025,8,August,Q3,2025-08,Aug 2025,14,Thursday,4
2025-08-15,2025,8,August,Q3,2025-08,Aug 2025,15,Friday,5
2025-08-16,2025,8,August,Q3,2025-08,Aug 2025,16,Saturday,6
2025-08-17,2025,8,August,Q3,2025-08,Aug 2025,17,Sunday,7
2025-08-18,2025,8,August,Q3,2025-08,Aug 2025,18,Monday,1
2025-08-19,2025,8,August,Q3,2025-08,Aug 2025,19,Tuesday,2
2025-08-20,2025,8,August,Q3,2025-08,Aug 2025,20,Wednesday,3
2025-08-21,2025,8,August,Q3,2025-08,Aug 2025,21,Thursday,4
2025-08-22,2025,8,August,Q3,2025-08,Aug 2025,22,Friday,5
2025-08-23,2025,8,August,Q3,2025-08,Aug 2025,23,Saturday,6
2025-08-24,2025,8,August,Q3,2025-08,Aug 2025,24,Sunday,7
2025-08-25,2025,8,August,Q3,2025-08,Aug 2025,25,Monday,1
2025-08-26,2025,8,August,Q3,2025-08,Aug 2025,26,Tuesday,2
2025-08-27,2025,8,August,Q3,2025-08,Aug 2025,27,Wednesday,3
2025-08-28,2025,8,August,Q3,2025-08,Aug 2025,28,Thursday,4
2025-08-29,2025,8,August,Q3,2025-08,Aug 2025,29,Friday,5
2025-08-30,2025,8,August,Q3,2025-08,Aug 2025,30,Saturday,6
2025-08-31,2025,8,August,Q3,2025-08,Aug 2025,31,Sunday,7
2025-09-01,2025,9,September,Q3,2025-09,Sep 2025,1,Monday,1
2025-09-02,2025,9,September,Q3,2025-09,Sep 2025,2,Tuesday,2
2025-09-03,2025,9,September,Q3,2025-09,Sep 2025,3,Wednesday,3
2025-09-04,2025,9,September,Q3,2025-09,Sep 2025,4,Thursday,4
2025-09-05,2025,9,September,Q3,2025-09,Sep 2025,5,Friday,5
2025-09-06,2025,9,September,Q3,2025-09,Sep 2025,6,Saturday,6
2025-09-07,2025,9,September,Q3,2025-09,Sep 2025,7,Sunday,7
2025-09-08,2025,9,September,Q3,2025-09,Sep 2025,8,Monday,1
2025-09-09,2025,9,September,Q3,2025-09,Sep 2025,9,Tuesday,2
2025-09-10,2025,9,September,Q3,2025-09,Sep 2025,10,Wednesday,3
2025-09-11,2025,9,September,Q3,2025-09,Sep 2025,11,Thursday,4
2025-09-12,2025,9,September,Q3,2025-09,Sep 2025,12,Friday,5
2025-09-13,2025,9,September,Q3,2025-09,Sep 2025,13,Saturday,6
2025-09-14,2025,9,September,Q3,2025-09,Sep 2025,14,Sunday,7
2025-09-15,2025,9,September,Q3,2025-09,Sep 2025,15,Monday,1
2025-09-16,2025,9,September,Q3,2025-09,Sep 2025,16,Tuesday,2
2025-09-17,2025,9,September,Q3,2025-09,Sep 2025,17,Wednesday,3
2025-09-18,2025,9,September,Q3,2025-09,Sep 2025,18,Thursday,4
2025-09-19,2025,9,September,Q3,2025-09,Sep 2025,19,Friday,5
2025-09-20,2025,9,September,Q3,2025-09,Sep 2025,20,Saturday,6
2025-09-21,2025,9,September,Q3,2025-09,Sep 2025,21,Sunday,7
2025-09-22,2025,9,September,Q3,2025-09,Sep 2025,22,Monday,1
2025-09-23,2025,9,September,Q3,2025-09,Sep 2025,23,Tuesday,2
2025-09-24,2025,9,September,Q3,2025-09,Sep 2025,24,Wednesday,3
2025-09-25,2025,9,September,Q3,2025-09,Sep 2025,25,Thursday,4
2025-09-26,2025,9,September,Q3,2025-09,Sep 2025,26,Friday,5
2025-09-27,2025,9,September,Q3,2025-09,Sep 2025,27,Saturday,6
2025-09-28,2025,9,September,Q3,2025-09,Sep 2025,28,Sunday,7
2025-09-29,2025,9,September,Q3,2025-09,Sep 2025,29,Monday,1
2025-09-30,2025,9,September,Q3,2025-09,Sep 2025,30,Tuesday,2
2025-10-01,2025,10,October,Q4,2025-10,Oct 2025,1,Wednesday,3
2025-10-02,2025,10,October,Q4,2025-10,Oct 2025,2,Thursday,4
2025-10-03,2025,10,October,Q4,2025-10,Oct 2025,3,Friday,5
2025-10-04,2025,10,October,Q4,2025-10,Oct 2025,4,Saturday,6
2025-10-05,2025,10,October,Q4,2025-10,Oct 2025,5,Sunday,7
2025-10-06,2025,10,October,Q4,2025-10,Oct 2025,6,Monday,1
2025-10-07,2025,10,October,Q4,2025-10,Oct 2025,7,Tuesday,2
2025-10-08,2025,10,October,Q4,2025-10,Oct 2025,8,Wednesday,3
2025-10-09,2025,10,October,Q4,2025-10,Oct 2025,9,Thursday,4
2025-10-10,2025,10,October,Q4,2025-10,Oct 2025,10,Friday,5
2025-10-11,2025,10,October,Q4,2025-10,Oct 2025,11,Saturday,6
2025-10-12,2025,10,October,Q4,2025-10,Oct 2025,12,Sunday,7
2025-10-13,2025,10,October,Q4,2025-10,Oct 2025,13,Monday,1
2025-10-14,2025,10,October,Q4,2025-10,Oct 2025,14,Tuesday,2
2025-10-15,2025,10,October,Q4,2025-10,Oct 2025,15,Wednesday,3
2025-10-16,2025,10,October,Q4,2025-10,Oct 2025,16,Thursday,4
2025-10-17,2025,10,October,Q4,2025-10,Oct 2025,17,Friday,5
2025-10-18,2025,10,October,Q4,2025-10,Oct 2025,18,Saturday,6
2025-10-19,2025,10,October,Q4,2025-10,Oct 2025,19,Sunday,7
2025-10-20,2025,10,October,Q4,2025-10,Oct 2025,20,Monday,1
2025-10-21,2025,10,October,Q4,2025-10,Oct 2025,21,Tuesday,2
2025-10-22,2025,10,October,Q4,2025-10,Oct 2025,22,Wednesday,3
2025-10-23,2025,10,October,Q4,2025-10,Oct 2025,23,Thursday,4
2025-10-24,2025,10,October,Q4,2025-10,Oct 2025,24,Friday,5
2025-10-25,2025,10,October,Q4,2025-10,Oct 2025,25,Saturday,6
2025-10-26,2025,10,October,Q4,2025-10,Oct 2025,26,Sunday,7
2025-10-27,2025,10,October,Q4,2025-10,Oct 2025,27,Monday,1
2025-10-28,2025,10,October,Q4,2025-10,Oct 2025,28,Tuesday,2
2025-10-29,2025,10,October,Q4,2025-10,Oct 2025,29,Wednesday,3
2025-10-30,2025,10,October,Q4,2025-10,Oct 2025,30,Thursday,4
2025-10-31,2025,10,October,Q4,2025-10,Oct 2025,31,Friday,5
2025-11-01,2025,11,November,Q4,2025-11,Nov 2025,1,Saturday,6
2025-11-02,2025,11,November,Q4,2025-11,Nov 2025,2,Sunday,7
2025-11-03,2025,11,November,Q4,2025-11,Nov 2025,3,Monday,1
2025-11-04,2025,11,November,Q4,2025-11,Nov 2025,4,Tuesday,2
2025-11-05,2025,11,November,Q4,2025-11,Nov 2025,5,Wednesday,3
2025-11-06,2025,11,November,Q4,2025-11,Nov 2025,6,Thursday,4
2025-11-07,2025,11,November,Q4,2025-11,Nov 2025,7,Friday,5
2025-11-08,2025,11,November,Q4,2025-11,Nov 2025,8,Saturday,6
2025-11-09,2025,11,November,Q4,2025-11,Nov 2025,9,Sunday,7
2025-11-10,2025,11,November,Q4,2025-11,Nov 2025,10,Monday,1
2025-11-11,2025,11,November,Q4,2025-11,Nov 2025,11,Tuesday,2
2025-11-12,2025,11,November,Q4,2025-11,Nov 2025,12,Wednesday,3
2025-11-13,2025,11,November,Q4,2025-11,Nov 2025,13,Thursday,4
2025-11-14,2025,11,November,Q4,2025-11,Nov 2025,14,Friday,5
2025-11-15,2025,11,November,Q4,2025-11,Nov 2025,15,Saturday,6
2025-11-16,2025,11,November,Q4,2025-11,Nov 2025,16,Sunday,7
2025-11-17,2025,11,November,Q4,2025-11,Nov 2025,17,Monday,1
2025-11-18,2025,11,November,Q4,2025-11,Nov 2025,18,Tuesday,2
2025-11-19,2025,11,November,Q4,2025-11,Nov 2025,19,Wednesday,3
2025-11-20,2025,11,November,Q4,2025-11,Nov 2025,20,Thursday,4
2025-11-21,2025,11,November,Q4,2025-11,Nov 2025,21,Friday,5
2025-11-22,2025,11,November,Q4,2025-11,Nov 2025,22,Saturday,6
2025-11-23,2025,11,November,Q4,2025-11,Nov 2025,23,Sunday,7
2025-11-24,2025,11,November,Q4,2025-11,Nov 2025,24,Monday,1
2025-11-25,2025,11,November,Q4,2025-11,Nov 2025,25,Tuesday,2
2025-11-26,2025,11,November,Q4,2025-11,Nov 2025,26,Wednesday,3
2025-11-27,2025,11,November,Q4,2025-11,Nov 2025,27,Thursday,4
2025-11-28,2025,11,November,Q4,2025-11,Nov 2025,28,Friday,5
2025-11-29,2025,11,November,Q4,2025-11,Nov 2025,29,Saturday,6
2025-11-30,2025,11,November,Q4,2025-11,Nov 2025,30,Sunday,7
2025-12-01,2025,12,December,Q4,2025-12,Dec 2025,1,Monday,1
2025-12-02,2025,12,December,Q4,2025-12,Dec 2025,2,Tuesday,2
2025-12-03,2025,12,December,Q4,2025-12,Dec 2025,3,Wednesday,3
2025-12-04,2025,12,December,Q4,2025-12,Dec 2025,4,Thursday,4
2025-12-05,2025,12,December,Q4,2025-12,Dec 2025,5,Friday,5
2025-12-06,2025,12,December,Q4,2025-12,Dec 2025,6,Saturday,6
2025-12-07,2025,12,December,Q4,2025-12,Dec 2025,7,Sunday,7
2025-12-08,2025,12,December,Q4,2025-12,Dec 2025,8,Monday,1
2025-12-09,2025,12,December,Q4,2025-12,Dec 2025,9,Tuesday,2
2025-12-10,2025,12,December,Q4,2025-12,Dec 2025,10,Wednesday,3
2025-12-11,2025,12,December,Q4,2025-12,Dec 2025,11,Thursday,4
2025-12-12,2025,12,December,Q4,2025-12,Dec 2025,12,Friday,5
2025-12-13,2025,12,December,Q4,2025-12,Dec 2025,13,Saturday,6
2025-12-14,2025,12,December,Q4,2025-12,Dec 2025,14,Sunday,7
2025-12-15,2025,12,December,Q4,2025-12,Dec 2025,15,Monday,1
2025-12-16,2025,12,December,Q4,2025-12,Dec 2025,16,Tuesday,2
2025-12-17,2025,12,December,Q4,2025-12,Dec 2025,17,Wednesday,3
2025-12-18,2025,12,December,Q4,2025-12,Dec 2025,18,Thursday,4
2025-12-19,2025,12,December,Q4,2025-12,Dec 2025,19,Friday,5
2025-12-20,2025,12,December,Q4,2025-12,Dec 2025,20,Saturday,6
2025-12-21,2025,12,December,Q4,2025-12,Dec 2025,21,Sunday,7
2025-12-22,2025,12,December,Q4,2025-12,Dec 2025,22,Monday,1
2025-12-23,2025,12,December,Q4,2025-12,Dec 2025,23,Tuesday,2
2025-12-24,2025,12,December,Q4,2025-12,Dec 2025,24,Wednesday,3
2025-12-25,2025,12,December,Q4,2025-12,Dec 2025,25,Thursday,4
2025-12-26,2025,12,December,Q4,2025-12,Dec 2025,26,Friday,5
2025-12-27,2025,12,December,Q4,2025-12,Dec 2025,27,Saturday,6
2025-12-28,2025,12,December,Q4,2025-12,Dec 2025,28,Sunday,7
2025-12-29,2025,12,December,Q4,2025-12,Dec 2025,29,Monday,1
2025-12-30,2025,12,December,Q4,2025-12,Dec 2025,30,Tuesday,2
2025-12-31,2025,12,December,Q4,2025-12,Dec 2025,31,Wednesday,3
